player_name,Clutch_Matches,Clutch_Goal,Clutch_Assist,Clutch_Score,Score_per_Match
K. Mbappé,24,24,0,72,3.0
Mohamed Salah,22,22,0,66,3.0
E. Haaland,19,19,0,57,3.0
H. Kane,17,18,0,54,3.176470588235294
Son Heung-Min,17,18,0,54,3.176470588235294
S. Guirassy,13,17,0,51,3.923076923076923
J. David,16,17,0,51,3.1875
A. Lacazette,13,15,0,45,3.4615384615384617
K. Benzema,12,14,0,42,3.5
L. Martínez,11,13,0,39,3.5454545454545454
Y. Wissa,13,13,0,39,3.0
T. Kleindienst,12,13,0,39,3.25
N. Füllkrug,12,13,0,39,3.25
R. Lewandowski,12,12,0,36,3.0
R. Orsolini,12,12,0,36,3.0
R. Lukaku,12,12,0,36,3.0
Borja Mayoral,12,12,0,36,3.0
W. Ben Yedder,11,12,0,36,3.272727272727273
Joselu,11,12,0,36,3.272727272727273
M. Thuram,11,11,0,33,3.0
B. Dia,10,11,0,33,3.3
C. Nkunku,11,11,0,33,3.0
C. Stuani,11,11,0,33,3.0
K. Havertz,11,11,0,33,3.0
A. Pinamonti,10,11,0,33,3.3
O. Watkins,10,10,0,30,3.0
M. Rashford,10,10,0,30,3.0
L. Openda,9,10,0,30,3.3333333333333335
Iago Aspas,10,10,0,30,3.0
H. Barnes,9,10,0,30,3.3333333333333335
A. Kramarić,9,10,0,30,3.3333333333333335
Ferran Torres,9,10,0,30,3.3333333333333335
D. Vlahović,10,10,0,30,3.0
A. Sørloth,9,10,0,30,3.3333333333333335
Pedro,9,10,0,30,3.3333333333333335
B. Mbeumo,10,10,0,30,3.0
Rafael Leão,9,10,0,30,3.3333333333333335
R. Kolo Muani,10,10,0,30,3.0
Omar Marmoush,10,10,0,30,3.0
Á. Correa,9,9,0,27,3.0
D. Lukébakio,9,9,0,27,3.0
Matheus Cunha,9,9,0,27,3.0
F. Balogun,8,9,0,27,3.375
G. Simeone,9,9,0,27,3.0
Gerard Moreno,9,9,0,27,3.0
A. Isak,9,9,0,27,3.0
Vinícius Júnior,9,9,0,27,3.0
T. Savanier,9,9,0,27,3.0
M. Tel,9,9,0,27,3.0
A. Gouiri,8,9,0,27,3.375
Lautaro Martínez,8,9,0,27,3.375
Gonçalo Ramos,8,9,0,27,3.375
João Pedro,9,9,0,27,3.0
L. Jović,9,9,0,27,3.0
João Félix,8,9,0,27,3.375
A. Delort,8,9,0,27,3.375
J. Mateta,9,9,0,27,3.0
Richarlison,8,8,0,24,3.0
S. El Shaarawy,8,8,0,24,3.0
Bruno Guimarães,8,8,0,24,3.0
Borja Iglesias,8,8,0,24,3.0
A. Sánchez,8,8,0,24,3.0
Beto,8,8,0,24,3.0
R. Piccoli,8,8,0,24,3.0
Bruno Fernandes,8,8,0,24,3.0
N. Jackson,7,8,0,24,3.4285714285714284
M. Arnautović,8,8,0,24,3.0
M. Bayo,7,8,0,24,3.4285714285714284
D. Núñez,6,8,0,24,4.0
E. Demirović,8,8,0,24,3.0
R. Højlund,8,8,0,24,3.0
Diogo Jota,8,8,0,24,3.0
P. Foden,8,8,0,24,3.0
J. Musiala,8,8,0,24,3.0
L. Samardžić,8,8,0,24,3.0
L. Blas,8,8,0,24,3.0
M. Terrier,8,8,0,24,3.0
J. Ward-Prowse,8,8,0,24,3.0
José Luis Morales,6,7,0,21,3.5
Álvaro Morata,6,7,0,21,3.5
Y. Poulsen,7,7,0,21,3.0
M. Dembélé,7,7,0,21,3.0
A. Diallo,5,7,0,21,4.2
K. Schlotterbeck,6,7,0,21,3.5
L. Pellegrini,7,7,0,21,3.0
L. Suárez,6,7,0,21,3.5
A. Garnacho,7,7,0,21,3.0
L. Stindl,6,7,0,21,3.5
J. Kluivert,7,7,0,21,3.0
E. Ünal,7,7,0,21,3.0
A. Mac Allister,7,7,0,21,3.0
N. González,7,7,0,21,3.0
Mostafa Mohamed,7,7,0,21,3.0
G. Raspadori,7,7,0,21,3.0
M. Bülter,7,7,0,21,3.0
H. Diallo,7,7,0,21,3.0
G. Mikautadze,7,7,0,21,3.0
A. Milik,7,7,0,21,3.0
P. Dybala,7,7,0,21,3.0
P. Schick,7,7,0,21,3.0
D. Undav,7,7,0,21,3.0
A. Nordin,7,7,0,21,3.0
V. Osimhen,7,7,0,21,3.0
D. Malen,7,7,0,21,3.0
A. Modeste,7,7,0,21,3.0
Cristhian Stuani,6,7,0,21,3.5
A. Rabiot,6,7,0,21,3.5
D. Zapata,7,7,0,21,3.0
D. Welbeck,7,7,0,21,3.0
D. Solanke,7,7,0,21,3.0
R. Barkley,6,7,0,21,3.5
C. Palmer,7,7,0,21,3.0
Raphinha,7,7,0,21,3.0
S. Mounié,7,7,0,21,3.0
A. Semenyo,7,7,0,21,3.0
C. Immobile,7,7,0,21,3.0
Rodrigo Muniz,7,7,0,21,3.0
Robert Lewandowski,5,7,0,21,4.2
T. Abraham,7,7,0,21,3.0
Abdón Prats,6,7,0,21,3.5
A. Belotti,5,7,0,21,4.2
Jubal,5,6,0,18,3.6
K. Schade,6,6,0,18,3.0
K. Onisiwo,6,6,0,18,3.0
N. Okafor,6,6,0,18,3.0
F. Honorat,6,6,0,18,3.0
Alexander Sørloth,6,6,0,18,3.0
F. Wirtz,5,6,0,18,3.6
F. Chiesa,6,6,0,18,3.0
L. Ajorque,6,6,0,18,3.0
J. Wind,5,6,0,18,3.6
A. Thomasson,6,6,0,18,3.0
E. Rashani,4,6,0,18,4.5
L. Nmecha,5,6,0,18,3.6
G. Laborde,6,6,0,18,3.0
Oihan Sancet,6,6,0,18,3.0
E. Choupo-Moting,6,6,0,18,3.0
Mikel Oyarzabal,6,6,0,18,3.0
L. Muriel,6,6,0,18,3.0
J. Maddison,6,6,0,18,3.0
L. Trossard,6,6,0,18,3.0
G. Rutter,6,6,0,18,3.0
E. Guessand,6,6,0,18,3.0
M. Ødegaard,6,6,0,18,3.0
B. Bourigeaud,6,6,0,18,3.0
Ayoze Pérez,5,6,0,18,3.6
M. Vecino,6,6,0,18,3.0
Willian José,6,6,0,18,3.0
O. Dembélé,5,6,0,18,3.6
E. Wahi,6,6,0,18,3.0
J. Vardy,6,6,0,18,3.0
S. Michel,5,6,0,18,3.6
Lucas Paquetá,6,6,0,18,3.0
C. Baumgartner,5,6,0,18,3.6
W. Saïd,6,6,0,18,3.0
Pere Milla,6,6,0,18,3.0
M. Simon,6,6,0,18,3.0
E. Emegha,6,6,0,18,3.0
M. Niang,6,6,0,18,3.0
D. Dumfries,6,6,0,18,3.0
R. Sterling,6,6,0,18,3.0
M. Dabbur,6,6,0,18,3.0
M. Ingvartsen,6,6,0,18,3.0
I. Toney,5,6,0,18,3.6
D. McNeil,5,6,0,18,3.6
J. Bellingham,6,6,0,18,3.0
R. Falcao,6,6,0,18,3.0
D. Rice,6,6,0,18,3.0
J. Cajuste,6,6,0,18,3.0
S. Chukwueze,6,6,0,18,3.0
Tiago Tomás,6,6,0,18,3.0
S. Katompa Mvumpa,6,6,0,18,3.0
M. Pašalić,6,6,0,18,3.0
S. Gnabry,6,6,0,18,3.0
R. Cherki,6,6,0,18,3.0
M. Pessina,6,6,0,18,3.0
M. Antonio,5,6,0,18,3.6
J. Durán,5,6,0,18,3.6
Lucas Vázquez,6,6,0,18,3.0
Gabriel Martinelli,5,6,0,18,3.6
C. Gallagher,6,6,0,18,3.0
Luis Alberto,6,6,0,18,3.0
S. Milinković-Savić,6,6,0,18,3.0
J. Brandt,6,6,0,18,3.0
M. Fofana,6,6,0,18,3.0
Y. Moukoko,6,6,0,18,3.0
C. Wilson,6,6,0,18,3.0
K. Coman,6,6,0,18,3.0
T. Moffi,5,6,0,18,3.6
C. Pulišić,5,5,0,15,3.0
S. Tigges,5,5,0,15,3.0
L. Waldschmidt,5,5,0,15,3.0
B. Saka,5,5,0,15,3.0
Lee Jae-Sung,4,5,0,15,3.75
G. Reyna,5,5,0,15,3.0
B. Johnson,5,5,0,15,3.0
M. Đurić,5,5,0,15,3.0
L. Sané,5,5,0,15,3.0
B. Cristante,5,5,0,15,3.0
J. Ramsey,5,5,0,15,3.0
Ansu Fati,5,5,0,15,3.0
J. Thielmann,5,5,0,15,3.0
J. Stage,5,5,0,15,3.0
O. Burke,5,5,0,15,3.0
L. Messi,4,5,0,15,3.75
E. Zhegrova,4,5,0,15,3.75
Marco Asensio,5,5,0,15,3.0
B. Dieng,5,5,0,15,3.0
B. Embolo,5,5,0,15,3.0
M. Guéhi,5,5,0,15,3.0
K. Gameiro,5,5,0,15,3.0
Gonçalo Guedes,5,5,0,15,3.0
M'Bala Nzola,5,5,0,15,3.0
M. Arambarri,4,5,0,15,3.75
Hugo Duro,4,5,0,15,3.75
L. Díaz,5,5,0,15,3.0
O. Édouard,4,5,0,15,3.75
T. Koopmeiners,5,5,0,15,3.0
L. Pavoletti,4,5,0,15,3.75
J. Vásquez,5,5,0,15,3.0
Kike García,4,5,0,15,3.75
K. Stöger,5,5,0,15,3.0
D. Criscito,5,5,0,15,3.0
S. Adingra,4,5,0,15,3.75
D. Ings,5,5,0,15,3.0
Raúl García,5,5,0,15,3.0
Rodri,5,5,0,15,3.0
A. Lookman,5,5,0,15,3.0
A. Kalimuendo,5,5,0,15,3.0
Junior Messias,5,5,0,15,3.0
M. Camara,5,5,0,15,3.0
V. Muriqi,5,5,0,15,3.0
A. Iwobi,5,5,0,15,3.0
S. Mavididi,5,5,0,15,3.0
C. Bakambu,5,5,0,15,3.0
I. Salah,4,5,0,15,3.75
J. Bowen,5,5,0,15,3.0
M. Depay,5,5,0,15,3.0
R. Mahrez,5,5,0,15,3.0
M. Kean,5,5,0,15,3.0
J. Ayew,5,5,0,15,3.0
M. Pantović,5,5,0,15,3.0
M. Olise,5,5,0,15,3.0
M. Reus,5,5,0,15,3.0
Gorka Guruzeta,5,5,0,15,3.0
Dani Olmo,5,5,0,15,3.0
Dani Parejo,5,5,0,15,3.0
Lee Kang-In,5,5,0,15,3.0
E. Elmas,5,5,0,15,3.0
Bernardo Silva,5,5,0,15,3.0
B. Barcola,4,4,0,12,3.0
E. Buendía,4,4,0,12,3.0
E. Lamela,4,4,0,12,3.0
E. Ferguson,4,4,0,12,3.0
Jorge de Frutos,4,4,0,12,3.0
Jorginho,4,4,0,12,3.0
L. Bailey,4,4,0,12,3.0
N. Viola,4,4,0,12,3.0
N. Zortea,4,4,0,12,3.0
N. Vlašić,4,4,0,12,3.0
F. Magri,4,4,0,12,3.0
F. Bonazzoli,4,4,0,12,3.0
T. Kubo,4,4,0,12,3.0
A. Griezmann,4,4,0,12,3.0
A. Ayew,3,4,0,12,4.0
A. Candreva,4,4,0,12,3.0
Juanmi,4,4,0,12,3.0
B. De Cordova-Reid,4,4,0,12,3.0
Sergi Roberto,4,4,0,12,3.0
E. Palacios,4,4,0,12,3.0
Mikel Merino,3,4,0,12,4.0
Fabián Ruiz,4,4,0,12,3.0
Melero,4,4,0,12,3.0
A. Gordon,4,4,0,12,3.0
Sergio Camello,4,4,0,12,3.0
L. Majer,4,4,0,12,3.0
T. Alexander-Arnold,4,4,0,12,3.0
T. Awoniyi,4,4,0,12,3.0
Sobrino,4,4,0,12,3.0
J. Zirkzee,4,4,0,12,3.0
Jorge Molina,4,4,0,12,3.0
T. Coulibaly,4,4,0,12,3.0
L. Ferguson,4,4,0,12,3.0
F. Sotoca,4,4,0,12,3.0
Fábio Carvalho,4,4,0,12,3.0
O. McBurnie,4,4,0,12,3.0
Brais Méndez,4,4,0,12,3.0
X. Chavalerin,4,4,0,12,3.0
Lamine Yamal,4,4,0,12,3.0
M. Svanberg,4,4,0,12,3.0
Douglas Luiz,4,4,0,12,3.0
P. Kadeřábek,4,4,0,12,3.0
P. Harres,3,4,0,12,4.0
S. Machino,4,4,0,12,3.0
G. Lo Celso,4,4,0,12,3.0
S. Fofana,4,4,0,12,3.0
D. Ouattara,4,4,0,12,3.0
J. Bruun Larsen,4,4,0,12,3.0
D. Szoboszlai,4,4,0,12,3.0
C. Morris,4,4,0,12,3.0
C. Biraghi,4,4,0,12,3.0
A. Hložek,4,4,0,12,3.0
Lucas Boyé,4,4,0,12,3.0
Portu,4,4,0,12,3.0
Gonçalo Paciência,4,4,0,12,3.0
W. Zaha,3,4,0,12,4.0
P. Groß,4,4,0,12,3.0
J. Doku,4,4,0,12,3.0
A. Sima,3,4,0,12,4.0
S. Kalajdzic,4,4,0,12,3.0
M. Boadu,4,4,0,12,3.0
R. Baku,4,4,0,12,3.0
R. Del Castillo,4,4,0,12,3.0
J. Gvardiol,4,4,0,12,3.0
C. De Ketelaere,4,4,0,12,3.0
J. Gittens,4,4,0,12,3.0
Rodrigo,4,4,0,12,3.0
Rodrygo,4,4,0,12,3.0
M. Ducksch,4,4,0,12,3.0
M. El Haddadi,4,4,0,12,3.0
D. Berardi,3,4,0,12,4.0
I. Sarr,4,4,0,12,3.0
J. Bellegarde,4,4,0,12,3.0
Rúben Neves,4,4,0,12,3.0
H. Wilson,3,4,0,12,4.0
D. Origi,4,4,0,12,3.0
A. Rebić,4,4,0,12,3.0
I. Bebou,4,4,0,12,3.0
I. Cardona,4,4,0,12,3.0
I. Koné,4,4,0,12,3.0
Rafa Mir,4,4,0,12,3.0
V. Grifo,4,4,0,12,3.0
M. Guilavogui,4,4,0,12,3.0
Roberto Firmino,4,4,0,12,3.0
A. Doucouré,4,4,0,12,3.0
A. Dovbyk,4,4,0,12,3.0
A. Adli,4,4,0,12,3.0
M. Greenwood,4,4,0,12,3.0
Isco,4,4,0,12,3.0
D. Frattesi,4,4,0,12,3.0
Jude Bellingham,4,4,0,12,3.0
W. Endo,4,4,0,12,3.0
T. Müller,4,4,0,12,3.0
N. Krstović,4,4,0,12,3.0
K. Mitoma,4,4,0,12,3.0
T. Minamino,4,4,0,12,3.0
K. Behrens,4,4,0,12,3.0
T. Werner,4,4,0,12,3.0
T. Souček,4,4,0,12,3.0
Álex Baena,3,4,0,12,4.0
Á. Di María,3,3,0,9,3.0
Álex Berenguer,3,3,0,9,3.0
K. Ajer,3,3,0,9,3.0
K. Davis,3,3,0,9,3.0
T. Pobega,3,3,0,9,3.0
T. Pukki,3,3,0,9,3.0
N. Maupay,3,3,0,9,3.0
A. Januzaj,3,3,0,9,3.0
Álex Moreno,3,3,0,9,3.0
K. Yıldız,3,3,0,9,3.0
Y. Herrera,3,3,0,9,3.0
Zito Luvumbo,3,3,0,9,3.0
D. Doué,3,3,0,9,3.0
R. Schmid,3,3,0,9,3.0
J. Aholou,2,3,0,9,4.5
M. Gabbiadini,3,3,0,9,3.0
M. Gibbs-White,3,3,0,9,3.0
M. Gregoritsch,3,3,0,9,3.0
A. Robertson,3,3,0,9,3.0
D. Gray,3,3,0,9,3.0
C. Wood,3,3,0,9,3.0
M. Cornet,3,3,0,9,3.0
M. Destro,2,3,0,9,4.5
D. Brooks,3,3,0,9,3.0
D. Calvert-Lewin,3,3,0,9,3.0
D. Ciofani,3,3,0,9,3.0
R. Kristensen,3,3,0,9,3.0
I. Williams,3,3,0,9,3.0
M. Kovačić,3,3,0,9,3.0
M. Kudus,3,3,0,9,3.0
D. Ljubičić,3,3,0,9,3.0
D. Maldini,3,3,0,9,3.0
D. Mosquera,3,3,0,9,3.0
D. O'Shea,3,3,0,9,3.0
J. Bijol,3,3,0,9,3.0
C. Ünder,3,3,0,9,3.0
Carles Pérez,3,3,0,9,3.0
S. Azmoun,3,3,0,9,3.0
Carlos Soler,3,3,0,9,3.0
Raúl de Tomás,3,3,0,9,3.0
V. Boniface,3,3,0,9,3.0
V. Castellanos,3,3,0,9,3.0
A. Ounahi,3,3,0,9,3.0
Hwang Ui-Jo,3,3,0,9,3.0
M. Mount,2,3,0,9,4.5
M. Munetsi,3,3,0,9,3.0
R. Doan,2,3,0,9,4.5
D. Okereke,3,3,0,9,3.0
C. Nørgaard,3,3,0,9,3.0
C. Summerville,3,3,0,9,3.0
S. Bergwijn,2,3,0,9,4.5
S. Castro,3,3,0,9,3.0
C. Kouamé,3,3,0,9,3.0
J. Brownhill,3,3,0,9,3.0
J. Correa,2,3,0,9,4.5
J. Allevinah,3,3,0,9,3.0
J. Alvarez,3,3,0,9,3.0
D. Payet,3,3,0,9,3.0
R. Faivre,3,3,0,9,3.0
R. Gosens,3,3,0,9,3.0
R. James,3,3,0,9,3.0
D. Kulusevski,3,3,0,9,3.0
H. Çalhanoğlu,3,3,0,9,3.0
Hermoso,3,3,0,9,3.0
M. O'Riley,3,3,0,9,3.0
T. Čvančara,3,3,0,9,3.0
A. Saelemaekers,3,3,0,9,3.0
M. Amoura,3,3,0,9,3.0
J. Frimpong,3,3,0,9,3.0
M. Beier,3,3,0,9,3.0
M. Brescianini,3,3,0,9,3.0
M. Politano,3,3,0,9,3.0
M. Retegui,3,3,0,9,3.0
H. Ekitike,3,3,0,9,3.0
A. Onaiwu,3,3,0,9,3.0
D. Zakaria,3,3,0,9,3.0
R. Andrich,3,3,0,9,3.0
R. Bentancur,2,3,0,9,4.5
R. Borré,3,3,0,9,3.0
R. Cabella,3,3,0,9,3.0
Dany Mota,3,3,0,9,3.0
Darder,3,3,0,9,3.0
V. van Dijk,3,3,0,9,3.0
Vedat Muriqi,3,3,0,9,3.0
A. Marušić,3,3,0,9,3.0
A. Mitrović,3,3,0,9,3.0
Gabriel Strefezza,3,3,0,9,3.0
A. Hakimi,3,3,0,9,3.0
W. Khazri,3,3,0,9,3.0
W. McKennie,3,3,0,9,3.0
E. Adebayo,3,3,0,9,3.0
Lucas Pérez,3,3,0,9,3.0
C. Gakpo,3,3,0,9,3.0
J. Haberer,3,3,0,9,3.0
J. Harrison,3,3,0,9,3.0
J. Hofmann,3,3,0,9,3.0
J. Ikoné,3,3,0,9,3.0
M. Akliouche,3,3,0,9,3.0
S. Giménez,3,3,0,9,3.0
S. McTominay,2,3,0,9,4.5
C. Adams,3,3,0,9,3.0
C. Akpom,3,3,0,9,3.0
B. Šeško,2,3,0,9,4.5
Barrenetxea,3,3,0,9,3.0
J. King,2,3,0,9,4.5
J. Koundé,3,3,0,9,3.0
J. Le Douaron,3,3,0,9,3.0
E. Ben Seghir,2,3,0,9,4.5
Pablo Fornals,3,3,0,9,3.0
Pablo Sarabia,3,3,0,9,3.0
Paulinho,2,3,0,9,4.5
Philippe Coutinho,3,3,0,9,3.0
W. Orbán,3,3,0,9,3.0
S. Polter,3,3,0,9,3.0
S. Skrzybski,2,3,0,9,4.5
Y. Carrasco,3,3,0,9,3.0
Y. En-Nesyri,3,3,0,9,3.0
L. de Jong,3,3,0,9,3.0
S. Mané,2,3,0,9,4.5
P. Lees-Melou,3,3,0,9,3.0
P. Nebel,3,3,0,9,3.0
Denis Suárez,3,3,0,9,3.0
Dodi Lukebakio,3,3,0,9,3.0
G. Maggiore,3,3,0,9,3.0
G. Perrin,3,3,0,9,3.0
G. Scamacca,3,3,0,9,3.0
M. Zaccagni,3,3,0,9,3.0
Willian,3,3,0,9,3.0
Samuel Lino,3,3,0,9,3.0
B. Diakité,3,3,0,9,3.0
Arthur Cabral,3,3,0,9,3.0
Asier Villalibre,3,3,0,9,3.0
Assane Diao,3,3,0,9,3.0
Aurélio Buta,3,3,0,9,3.0
E. Eze,3,3,0,9,3.0
E. Gyasi,3,3,0,9,3.0
E. Can,3,3,0,9,3.0
E. Dennis,3,3,0,9,3.0
E. Nwaneri,3,3,0,9,3.0
E. Ponce,3,3,0,9,3.0
J. O'Brien,3,3,0,9,3.0
Saúl Coco,3,3,0,9,3.0
Sergi Guardiola,3,3,0,9,3.0
Sergio Canales,3,3,0,9,3.0
J. Schlupp,3,3,0,9,3.0
A. Ezzalzouli,3,3,0,9,3.0
A. Gigović,3,3,0,9,3.0
E. Shomurodov,3,3,0,9,3.0
P. Bamford,3,3,0,9,3.0
G. Ilenikhena,2,3,0,9,4.5
G. Isaksen,3,3,0,9,3.0
Marcos Llorente,3,3,0,9,3.0
Martín Zubimendi,3,3,0,9,3.0
G. Bonaventura,3,3,0,9,3.0
G. Fabbian,3,3,0,9,3.0
Moi Gómez,3,3,0,9,3.0
Morales,3,3,0,9,3.0
J. Tah,3,3,0,9,3.0
J. Vagnoman,3,3,0,9,3.0
Ante Budimir,3,3,0,9,3.0
Sávio,2,3,0,9,4.5
J. Veretout,3,3,0,9,3.0
L. Modrić,3,3,0,9,3.0
L. Mothiba,3,3,0,9,3.0
E. Smith Rowe,3,3,0,9,3.0
O. Vilhelmsson,3,3,0,9,3.0
O. Óskarsson,2,3,0,9,4.5
Fábio Silva,3,3,0,9,3.0
F. Tait,3,3,0,9,3.0
F. Valverde,3,3,0,9,3.0
N. Sansone,3,3,0,9,3.0
Alexsandro Ribeiro,3,3,0,9,3.0
Anastasios Douvikas,3,3,0,9,3.0
T. Henry,3,3,0,9,3.0
T. Hernández,3,3,0,9,3.0
Adama Traoré,3,3,0,9,3.0
L. Goretzka,3,3,0,9,3.0
J. Álvarez,3,3,0,9,3.0
J. Siebatcheu,3,3,0,9,3.0
A. Touré,3,3,0,9,3.0
Z. Aboukhlal,3,3,0,9,3.0
L. Alario,3,3,0,9,3.0
L. Bonucci,3,3,0,9,3.0
L. Boyé,3,3,0,9,3.0
L. De Silvestri,3,3,0,9,3.0
Joelinton,3,3,0,9,3.0
Jon Guridi,3,3,0,9,3.0
N. Woltemade,3,3,0,9,3.0
N. Zaniolo,3,3,0,9,3.0
Muniain,3,3,0,9,3.0
N. Amiri,3,3,0,9,3.0
N. Bajrami,3,3,0,9,3.0
F. Mollet,3,3,0,9,3.0
A. Lozano,3,3,0,9,3.0
Álvaro Negredo,3,3,0,9,3.0
A. Caci,3,3,0,9,3.0
A. Barák,3,3,0,9,3.0
K. Toko-Ekambi,3,3,0,9,3.0
João Palhinha,3,3,0,9,3.0
K. Nakamura,3,3,0,9,3.0
Juanmi Latasa,3,3,0,9,3.0
K. Moore,2,2,0,6,3.0
K. Thuram-Ulien,2,2,0,6,3.0
K. Fayad,2,2,0,6,3.0
T. Lemperle,2,2,0,6,3.0
T. Louchet,2,2,0,6,3.0
T. Mings,2,2,0,6,3.0
A. Stiller,2,2,0,6,3.0
A. Tameze,2,2,0,6,3.0
A. Truffert,1,2,0,6,6.0
A. Tuhami,2,2,0,6,3.0
A. Véliz,2,2,0,6,3.0
Z. Ferhat,2,2,0,6,3.0
Z. Ibrahimović,2,2,0,6,3.0
Kike Pérez,1,2,0,6,6.0
Kike Salas,2,2,0,6,3.0
Josan Ferrández,2,2,0,6,3.0
Jota Silva,2,2,0,6,3.0
João Cancelo,2,2,0,6,3.0
L. Berry,2,2,0,6,3.0
N. Milenković,2,2,0,6,3.0
F. Caputo,2,2,0,6,3.0
F. Dele-Bashiru,2,2,0,6,3.0
F. Forestieri,2,2,0,6,3.0
F. Gatti,2,2,0,6,3.0
F. Kainz,2,2,0,6,3.0
F. Kessié,2,2,0,6,3.0
N. Molina,2,2,0,6,3.0
N. O'Reilly,2,2,0,6,3.0
N. Paz,2,2,0,6,3.0
F. Ohene-Gyan,1,2,0,6,6.0
N. Fekir,2,2,0,6,3.0
N. Kalinić,2,2,0,6,3.0
N. Matić,2,2,0,6,3.0
N. Mbuku,2,2,0,6,3.0
W. Anton,2,2,0,6,3.0
F. Acerbi,2,2,0,6,3.0
F. Anguissa,2,2,0,6,3.0
F. Ayé,2,2,0,6,3.0
Neymar,2,2,0,6,3.0
F. de Jong,2,2,0,6,3.0
Myrto Uzuni,2,2,0,6,3.0
N. Aké,2,2,0,6,3.0
N. Dorsch,2,2,0,6,3.0
N. Edjouma,2,2,0,6,3.0
N. El Aynaoui,2,2,0,6,3.0
N. Elvedi,2,2,0,6,3.0
F. Kostić,2,2,0,6,3.0
F. Lejeune,2,2,0,6,3.0
F. Moumbagna,2,2,0,6,3.0
F. Nmecha,2,2,0,6,3.0
A. Groeneveld,2,2,0,6,3.0
Oier Zarraga,2,2,0,6,3.0
Fermín López,2,2,0,6,3.0
Fernandinho,2,2,0,6,3.0
Florian Lejeune,2,2,0,6,3.0
Francisco Conceição,2,2,0,6,3.0
Fred,2,2,0,6,3.0
F. Rieder,2,2,0,6,3.0
F. Sacko,2,2,0,6,3.0
F. Schär,2,2,0,6,3.0
F. Tardieu,2,2,0,6,3.0
F. Thauvin,2,2,0,6,3.0
N. Pépé,2,2,0,6,3.0
N. Schmidt,2,2,0,6,3.0
N. Tagliafico,2,2,0,6,3.0
N. Weiper,2,2,0,6,3.0
Evanilson,2,2,0,6,3.0
Marquinhos,2,2,0,6,3.0
G. Altare,2,2,0,6,3.0
G. Busio,2,2,0,6,3.0
G. Caprari,2,2,0,6,3.0
G. Ferrari,2,2,0,6,3.0
Memphis Depay,2,2,0,6,3.0
Mikel Vesga,2,2,0,6,3.0
Mousa Al Ta'mari,2,2,0,6,3.0
Fabinho,2,2,0,6,3.0
Felipe Anderson,2,2,0,6,3.0
Nico González,2,2,0,6,3.0
Nuno Tavares,2,2,0,6,3.0
E. Touré,2,2,0,6,3.0
E. Ávila,2,2,0,6,3.0
Elustondo,2,2,0,6,3.0
O. Giroud,2,2,0,6,3.0
E. Martínez,2,2,0,6,3.0
E. Nketiah,2,2,0,6,3.0
E. Pinnock,2,2,0,6,3.0
E. Skhiri,2,2,0,6,3.0
P. Almqvist,2,2,0,6,3.0
P. Aubameyang,2,2,0,6,3.0
P. Billing,2,2,0,6,3.0
P. Ciss,2,2,0,6,3.0
Mama Baldé,2,2,0,6,3.0
Marc Bartra,2,2,0,6,3.0
Marc Cardona,2,2,0,6,3.0
Marcos André,2,2,0,6,3.0
G. Gaetano,2,2,0,6,3.0
G. Gineitis,2,2,0,6,3.0
G. Hirst,2,2,0,6,3.0
G. Lapadula,2,2,0,6,3.0
P. Lienhart,2,2,0,6,3.0
P. Onuachu,2,2,0,6,3.0
Diogo Dalot,2,2,0,6,3.0
M. Thorsby,2,2,0,6,3.0
G. Wijnaldum,2,2,0,6,3.0
M. Veljković,2,2,0,6,3.0
M. Weiser,2,2,0,6,3.0
M. de Roon,2,2,0,6,3.0
P. Cutrone,2,2,0,6,3.0
P. Daka,2,2,0,6,3.0
P. Frankowski,2,2,0,6,3.0
E. Löwen,2,2,0,6,3.0
E. Delprato,2,2,0,6,3.0
E. Dier,2,2,0,6,3.0
E. Džeko,2,2,0,6,3.0
Oriol Romeu,2,2,0,6,3.0
Pedro Neto,2,2,0,6,3.0
Pol Lirola,2,2,0,6,3.0
Q. Boisgard,2,2,0,6,3.0
W. Odobert,2,2,0,6,3.0
W. Orban,2,2,0,6,3.0
W. Swedberg,2,2,0,6,3.0
Gerson,2,2,0,6,3.0
M. Sabitzer,2,2,0,6,3.0
M. Sahi,2,2,0,6,3.0
M. Satriano,2,2,0,6,3.0
M. Sissoko,2,2,0,6,3.0
M. Solomon,2,2,0,6,3.0
M. Soulé,2,2,0,6,3.0
P. Gueye,2,2,0,6,3.0
P. Højbjerg,2,2,0,6,3.0
P. Jansson,2,2,0,6,3.0
A. Martial,1,2,0,6,6.0
A. Miranchuk,2,2,0,6,3.0
H. Elliott,2,2,0,6,3.0
H. Lozano,2,2,0,6,3.0
H. Mkhitaryan,2,2,0,6,3.0
G. Xhaka,2,2,0,6,3.0
G. Álvarez,2,2,0,6,3.0
A. Guðmundsson,2,2,0,6,3.0
A. Hahn,2,2,0,6,3.0
A. Harroui,2,2,0,6,3.0
A. Haïdara,2,2,0,6,3.0
E. Bardhi,2,2,0,6,3.0
P. Pellegri,2,2,0,6,3.0
P. Wimmer,2,2,0,6,3.0
Pablo Maffeo,2,2,0,6,3.0
Pablo Torre,1,2,0,6,6.0
R. Healey,2,2,0,6,3.0
Hugo Novoa,2,2,0,6,3.0
M. Pjaca,2,2,0,6,3.0
M. Richter,2,2,0,6,3.0
Vitinha,2,2,0,6,3.0
D. Verde,2,2,0,6,3.0
D. Zappacosta,2,2,0,6,3.0
Dani Gómez,2,2,0,6,3.0
R. Aït-Nouri,2,2,0,6,3.0
R. Bensebaïni,2,2,0,6,3.0
Dani Vivian,2,2,0,6,3.0
Daniel Carvajal,2,2,0,6,3.0
Danilo,2,2,0,6,3.0
D. Udogie,2,2,0,6,3.0
V. Sierro,2,2,0,6,3.0
Valery,2,2,0,6,3.0
D. Drexler,2,2,0,6,3.0
Unai Simón,2,2,0,6,3.0
A. Onana,2,2,0,6,3.0
A. Petagna,2,2,0,6,3.0
A. Pléa,2,2,0,6,3.0
Hwang Hee-Chan,2,2,0,6,3.0
I. Ganago,2,2,0,6,3.0
I. Ilić,2,2,0,6,3.0
M. Lanzini,2,2,0,6,3.0
M. Lemina,2,2,0,6,3.0
M. Lopez,2,2,0,6,3.0
H. Tabaković,2,2,0,6,3.0
H. Traorè,2,2,0,6,3.0
R. Dōan,2,2,0,6,3.0
R. Hack,1,2,0,6,6.0
R. Hamouma,2,2,0,6,3.0
V. Janelt,2,2,0,6,3.0
V. Kovalenko,2,2,0,6,3.0
D. Fofana,2,2,0,6,3.0
D. Huseinbašić,2,2,0,6,3.0
R. Malinovskyi,2,2,0,6,3.0
R. Mandragora,2,2,0,6,3.0
R. Marin,2,2,0,6,3.0
M. Hummels,2,2,0,6,3.0
I. Niane,2,2,0,6,3.0
I. Pussetto,2,2,0,6,3.0
I. Rakitić,2,2,0,6,3.0
M. Icardi,2,2,0,6,3.0
M. Jensen,2,2,0,6,3.0
M. Kömür,2,2,0,6,3.0
M. Lacroix,2,2,0,6,3.0
D. Downs,2,2,0,6,3.0
D. Brašanac,2,2,0,6,3.0
D. Caligiuri,2,2,0,6,3.0
D. Doekhi,2,2,0,6,3.0
R. Perraud,2,2,0,6,3.0
R. Ripart,2,2,0,6,3.0
R. Sallai,2,2,0,6,3.0
R. Sessegnon,2,2,0,6,3.0
M. Erlić,2,2,0,6,3.0
M. Folorunsho,2,2,0,6,3.0
Isi Palazón,2,2,0,6,3.0
Iván Martín,2,2,0,6,3.0
J. Aidoo,2,2,0,6,3.0
M. Ginter,2,2,0,6,3.0
M. Grüll,2,2,0,6,3.0
A. Rrahmani,2,2,0,6,3.0
V. Germain,2,2,0,6,3.0
Carlos Vinícius,2,2,0,6,3.0
Casemiro,2,2,0,6,3.0
Cristiano Ronaldo,2,2,0,6,3.0
D. Bakwa,2,2,0,6,3.0
Randy Nteka,1,2,0,6,6.0
Raíllo,2,2,0,6,3.0
Renato Sanches,2,2,0,6,3.0
J. Boëtius,2,2,0,6,3.0
M. Cancellieri,2,2,0,6,3.0
M. Caqueret,2,2,0,6,3.0
M. Dahoud,2,2,0,6,3.0
M. Daramy,2,2,0,6,3.0
M. Diaby,2,2,0,6,3.0
M. El Idrissy,2,2,0,6,3.0
R. Nelson,2,2,0,6,3.0
R. Oudin,2,2,0,6,3.0
C. Larin,2,2,0,6,3.0
J. Brown,2,2,0,6,3.0
J. Burkardt,2,2,0,6,3.0
J. Dasilva,2,2,0,6,3.0
J. Andersen,2,2,0,6,3.0
J. Beste,2,2,0,6,3.0
J. Boga,2,2,0,6,3.0
Caio Henrique,2,2,0,6,3.0
Carlos Augusto,2,2,0,6,3.0
Carlos Benavídez,2,2,0,6,3.0
Roger Martí,2,2,0,6,3.0
Rubén García,2,2,0,6,3.0
S. Adamyan,2,2,0,6,3.0
S. Alvero,2,2,0,6,3.0
S. Bahoken,2,2,0,6,3.0
R. Vargas,2,2,0,6,3.0
A. Saint-Maximin,2,2,0,6,3.0
A. Salama,2,2,0,6,3.0
Tetê,2,2,0,6,3.0
M. Aramu,2,2,0,6,3.0
M. Arnold,2,2,0,6,3.0
J. Dossou,2,2,0,6,3.0
J. Gelhardt,2,2,0,6,3.0
M. Blažič,2,2,0,6,3.0
M. Braithwaite,2,2,0,6,3.0
J. Briand,1,2,0,6,6.0
S. Becker,2,2,0,6,3.0
S. Benrahma,2,2,0,6,3.0
S. Diop,2,2,0,6,3.0
S. Esposito,2,2,0,6,3.0
C. Hudson-Odoi,2,2,0,6,3.0
C. Itten,2,2,0,6,3.0
C. Führich,2,2,0,6,3.0
C. Gytkjær,2,2,0,6,3.0
C. Gómez,2,2,0,6,3.0
Luis Rioja,2,2,0,6,3.0
Léo Scienza,2,2,0,6,3.0
J. Gradit,2,2,0,6,3.0
J. Guilavogui,2,2,0,6,3.0
J. Hinshelwood,2,2,0,6,3.0
J. Ito,2,2,0,6,3.0
M. Abline,2,2,0,6,3.0
M. Almirón,2,2,0,6,3.0
S. Ghoddos,2,2,0,6,3.0
S. Jovetić,2,2,0,6,3.0
Tete Morente,2,2,0,6,3.0
A. Rüdiger,2,2,0,6,3.0
A. Sabiri,2,2,0,6,3.0
J. Kucka,2,2,0,6,3.0
J. Lerma,2,2,0,6,3.0
J. Leweling,2,2,0,6,3.0
J. Lingard,2,2,0,6,3.0
Lucas Ocampos,2,2,0,6,3.0
Lucas Torró,2,2,0,6,3.0
Luis Henrique,2,2,0,6,3.0
Toni Martínez,2,2,0,6,3.0
Tuta,2,2,0,6,3.0
U. Sadiq,2,2,0,6,3.0
Unai Gómez,2,2,0,6,3.0
Unai López,2,2,0,6,3.0
S. Khaoui,2,2,0,6,3.0
C. Coady,2,2,0,6,3.0
C. Dessers,2,2,0,6,3.0
C. Ekuban,2,2,0,6,3.0
S. Sohm,2,2,0,6,3.0
S. Soumano,2,2,0,6,3.0
S. Sow,2,2,0,6,3.0
S. Tonali,2,2,0,6,3.0
S. Verdi,2,2,0,6,3.0
Williot Swedberg,2,2,0,6,3.0
Y. Abdelhamid,2,2,0,6,3.0
Y. Asprilla,2,2,0,6,3.0
J. Murphy,2,2,0,6,3.0
J. Mæhle,2,2,0,6,3.0
J. Njinmah,2,2,0,6,3.0
L. Ugochukwu,2,2,0,6,3.0
S. Lukić,2,2,0,6,3.0
Bremer,2,2,0,6,3.0
C. Antwi-Adjei,2,2,0,6,3.0
Bebé,2,2,0,6,3.0
J. Sancho,2,2,0,6,3.0
J. Scally,2,2,0,6,3.0
L. Sernicola,2,2,0,6,3.0
L. Sinisterra,2,2,0,6,3.0
L. Stassin,2,2,0,6,3.0
A. Engels,2,2,0,6,3.0
A. Finnbogason,2,2,0,6,3.0
Williams,2,2,0,6,3.0
B. Hollerbach,2,2,0,6,3.0
Asensio,2,2,0,6,3.0
Brahim Díaz,2,2,0,6,3.0
S. Pierotti,2,2,0,6,3.0
S. Posch,2,2,0,6,3.0
S. Ricci,2,2,0,6,3.0
S. Rudy,2,2,0,6,3.0
S. Sensi,2,2,0,6,3.0
T. Barry,2,2,0,6,3.0
L. Ocampos,2,2,0,6,3.0
L. Paredes,2,2,0,6,3.0
J. Odgaard,2,2,0,6,3.0
J. Pohjanpalo,2,2,0,6,3.0
J. Porozo,2,2,0,6,3.0
J. Ryerson,2,2,0,6,3.0
B. Brahimi,2,2,0,6,3.0
B. Chilwell,2,2,0,6,3.0
Sergio Akieme,2,2,0,6,3.0
Sergio Arribas,2,2,0,6,3.0
Sergio León,2,2,0,6,3.0
Sergio Ramos,2,2,0,6,3.0
Soldado,2,2,0,6,3.0
Andrey Santos,2,2,0,6,3.0
André Almeida,2,2,0,6,3.0
L. Höler,2,2,0,6,3.0
Jaime Mata,2,2,0,6,3.0
J. Schöppner,2,2,0,6,3.0
J. Stanišić,2,2,0,6,3.0
J. Stones,2,2,0,6,3.0
J. Strand Larsen,2,2,0,6,3.0
André Gomes,2,2,0,6,3.0
Angeliño,2,2,0,6,3.0
Antoine Griezmann,2,2,0,6,3.0
Antonio Puertas,2,2,0,6,3.0
Antony,2,2,0,6,3.0
Arda Güler,2,2,0,6,3.0
Arkaitz Mariezkurrena,2,2,0,6,3.0
T. Anjorin,2,2,0,6,3.0
T. Arslan,2,2,0,6,3.0
T. Bakayoko,2,2,0,6,3.0
L. Cabrera,2,2,0,6,3.0
L. Caldirola,2,2,0,6,3.0
L. Camara,2,2,0,6,3.0
L. Digne,2,2,0,6,3.0
Javi Puado,2,2,0,6,3.0
Javier Guerra,2,2,0,6,3.0
Joan Jordán,2,2,0,6,3.0
Jordi Alba,2,2,0,6,3.0
L. Dunk,2,2,0,6,3.0
T. Buchanan,2,2,0,6,3.0
Aitor Paredes,2,2,0,6,3.0
Alberto Moleiro,2,2,0,6,3.0
T. Dallinga,2,2,0,6,3.0
T. Douvikas,2,2,0,6,3.0
A. Zanoli,2,2,0,6,3.0
A. Zaroury,2,2,0,6,3.0
Éderson,2,2,0,6,3.0
A. Budimir,2,2,0,6,3.0
A. Cambiaso,2,2,0,6,3.0
Z. Çelik,2,2,0,6,3.0
Álex,2,2,0,6,3.0
Álex Grimaldo,2,2,0,6,3.0
1                         M. Bayo,2,2,0,6,3.0
A. Waris,2,2,0,6,3.0
T. Reijnders,2,2,0,6,3.0
T. Walcott,2,2,0,6,3.0
T. Weah,2,2,0,6,3.0
K. Jakić,2,2,0,6,3.0
K. Kvaratskhelia,2,2,0,6,3.0
K. Lala,2,2,0,6,3.0
Jørgen Strand Larsen,2,2,0,6,3.0
T. Lemar,2,2,0,6,3.0
W. Cyprien,2,2,0,6,3.0
W. Geubbels,2,2,0,6,3.0
A. Jallow,2,2,0,6,3.0
A. Laïdouni,2,2,0,6,3.0
Julen Lobete,2,2,0,6,3.0
K. Volland,2,2,0,6,3.0
Kike,2,2,0,6,3.0
Y. Gboho,2,2,0,6,3.0
Y. Karamoh,2,2,0,6,3.0
A. Danjuma,2,2,0,6,3.0
A. Elanga,2,2,0,6,3.0
Youssef En-Nesyri,2,2,0,6,3.0
İ. Gündoğan,1,2,0,6,6.0
A. Abdi,2,2,0,6,3.0
A. Adams,2,2,0,6,3.0
İlkay Gündoğan,2,2,0,6,3.0
0                         A. Petagna,1,1,0,3,3.0
0                         D. Zappacosta,1,1,0,3,3.0
0                         K. Benzema,1,1,0,3,3.0
1                         F. Wirtz,1,1,0,3,3.0
1                         L. Colombo,1,1,0,3,3.0
2                         M. Bülter,1,1,0,3,3.0
3                         Arthur,1,1,0,3,3.0
3                         E. Touré,1,1,0,3,3.0
6                         E. Ünal,1,1,0,3,3.0
A. Beck,1,1,0,3,3.0
A. Bastoni,1,1,0,3,3.0
Z. Davitashvili,1,1,0,3,3.0
Z. Amdouni,1,1,0,3,3.0
Yerson Mosquera,1,1,0,3,3.0
Yeremi Pino,1,1,0,3,3.0
Yeray,1,1,0,3,3.0
Yangel Herrera,1,1,0,3,3.0
Yan Couto,1,1,0,3,3.0
Y. Vertessen,1,1,0,3,3.0
Y. Touzghar,1,1,0,3,3.0
Y. Tielemans,1,1,0,3,3.0
Y. Suzuki,1,1,0,3,3.0
A. Ekdal,1,1,0,3,3.0
A. Dønnum,1,1,0,3,3.0
A. Dossena,1,1,0,3,3.0
K. De Winter,1,1,0,3,3.0
K. De Bruyne,1,1,0,3,3.0
K. Danso,1,1,0,3,3.0
K. Bamba,1,1,0,3,3.0
K. Baldé,1,1,0,3,3.0
K. Ayhan,1,1,0,3,3.0
K. Akpoguma,1,1,0,3,3.0
K. Mavropanos,1,1,0,3,3.0
K. Mainoo,1,1,0,3,3.0
K. Lewis-Potter,1,1,0,3,3.0
K. Laimer,1,1,0,3,3.0
K. Koulibaly,1,1,0,3,3.0
K. Karaman,1,1,0,3,3.0
K. Hause,1,1,0,3,3.0
K. Günter,1,1,0,3,3.0
K. Ehizibue,1,1,0,3,3.0
Junior Firpo,1,1,0,3,3.0
Juan Soriano,1,1,0,3,3.0
Juan Jesus,1,1,0,3,3.0
Juan Cruz,1,1,0,3,3.0
Juan Bernat,1,1,0,3,3.0
João Moutinho,1,1,0,3,3.0
João Gomes,1,1,0,3,3.0
K. Rekik,1,1,0,3,3.0
K. Piątek,1,1,0,3,3.0
K. Paredes,1,1,0,3,3.0
K. Mutandwa,1,1,0,3,3.0
K. Miyoshi,1,1,0,3,3.0
K. McLean,1,1,0,3,3.0
K. Dolberg,1,1,0,3,3.0
K. Diatta,1,1,0,3,3.0
K. Demirbay,1,1,0,3,3.0
José Gragera,1,1,0,3,3.0
José Gayà,1,1,0,3,3.0
Josep Chavarría,1,1,0,3,3.0
Jorge Sáenz,1,1,0,3,3.0
Jorge Pascual,1,1,0,3,3.0
Kim Min-Jae,1,1,0,3,3.0
Kaio Jorge,1,1,0,3,3.0
Kaiky,1,1,0,3,3.0
K. Ịheanachọ,1,1,0,3,3.0
K. Świderski,1,1,0,3,3.0
K. Zouma,1,1,0,3,3.0
K. Yeboah,1,1,0,3,3.0
K. Walker-Peters,1,1,0,3,3.0
K. Trippier,1,1,0,3,3.0
K. Topp,1,1,0,3,3.0
Jérémie Bela,1,1,0,3,3.0
L. Bénes,1,1,0,3,3.0
L. Buchanan,1,1,0,3,3.0
L. Brassier,1,1,0,3,3.0
L. Bittencourt,1,1,0,3,3.0
L. Beltrán,1,1,0,3,3.0
L. Barreiro,1,1,0,3,3.0
L. Banda,1,1,0,3,3.0
L. Bailey                                  1,1,1,0,3,3.0
L. Ayling,1,1,0,3,3.0
L. Assignon,1,1,0,3,3.0
L. Abram,1,1,0,3,3.0
Koke,1,1,0,3,3.0
Koka,1,1,0,3,3.0
Kirian Rodríguez,1,1,0,3,3.0
Jota,1,1,0,3,3.0
José Sá,1,1,0,3,3.0
Jonathan Viera,1,1,0,3,3.0
Jon Olasagasti,1,1,0,3,3.0
Joaquín Fernández,1,1,0,3,3.0
Jesús Vázquez,1,1,0,3,3.0
Jesús Areso,1,1,0,3,3.0
Jeong Wooyeong,1,1,0,3,3.0
Jeong Woo-Yeong,1,1,0,3,3.0
Jeffinho,1,1,0,3,3.0
Javier Muñoz,1,1,0,3,3.0
Javier Hernández,1,1,0,3,3.0
L. Dobbin,1,1,0,3,3.0
L. Delap,1,1,0,3,3.0
L. Da Cunha,1,1,0,3,3.0
L. Coulibaly,1,1,0,3,3.0
L. Cook,1,1,0,3,3.0
L. Colombo,1,1,0,3,3.0
Jacobo Ramón,1,1,0,3,3.0
J. Worrall,1,1,0,3,3.0
J. Wilson-Esbrand,1,1,0,3,3.0
J. Willock,1,1,0,3,3.0
J. Weigl,1,1,0,3,3.0
J. Ward,1,1,0,3,3.0
L. Lochoshvili,1,1,0,3,3.0
L. Kübler,1,1,0,3,3.0
L. Krejčí,1,1,0,3,3.0
L. Kilian,1,1,0,3,3.0
L. Kerber,1,1,0,3,3.0
L. Henderson,1,1,0,3,3.0
L. Hall,1,1,0,3,3.0
L. Gourna-Douath,1,1,0,3,3.0
L. Giannetti,1,1,0,3,3.0
L. Gechter,1,1,0,3,3.0
J. Onana,1,1,0,3,3.0
L. O'Brien,1,1,0,3,3.0
L. Mincarelli,1,1,0,3,3.0
L. Mazzitelli,1,1,0,3,3.0
L. Maina,1,1,0,3,3.0
L. Mafouta,1,1,0,3,3.0
L. Lucca,1,1,0,3,3.0
J. Tchatchoua,1,1,0,3,3.0
J. Taylor,1,1,0,3,3.0
J. Tarkowski,1,1,0,3,3.0
J. Solís,1,1,0,3,3.0
J. Sebas,1,1,0,3,3.0
Javi Muñoz,1,1,0,3,3.0
Javi Martínez,1,1,0,3,3.0
Javi Llabrés,1,1,0,3,3.0
Javi Guerra,1,1,0,3,3.0
J. Matip,1,1,0,3,3.0
J. Manzambi,1,1,0,3,3.0
J. Malatini,1,1,0,3,3.0
L. Spinazzola,1,1,0,3,3.0
L. Sinayoko,1,1,0,3,3.0
L. Schaub,1,1,0,3,3.0
L. Ritzka,1,1,0,3,3.0
L. Rao-Lisoa,1,1,0,3,3.0
L. Ranieri,1,1,0,3,3.0
L. Pétrot,1,1,0,3,3.0
J. Sambia,1,1,0,3,3.0
J. Rowe,1,1,0,3,3.0
J. Robinson,1,1,0,3,3.0
J. Perea,1,1,0,3,3.0
J. Palomino,1,1,0,3,3.0
J. Ondrejka,1,1,0,3,3.0
J. Karlsson,1,1,0,3,3.0
Logan Costa,1,1,0,3,3.0
Lisandro Martínez,1,1,0,3,3.0
L. Štulac,1,1,0,3,3.0
L. Venuti,1,1,0,3,3.0
L. Valenti,1,1,0,3,3.0
L. Torreira,1,1,0,3,3.0
L. Tchaouna,1,1,0,3,3.0
L. Sučić,1,1,0,3,3.0
J. Nilsson,1,1,0,3,3.0
J. Niemiec,1,1,0,3,3.0
J. Ngankam,1,1,0,3,3.0
J. Mwanga,1,1,0,3,3.0
J. Mojica,1,1,0,3,3.0
J. McGinn,1,1,0,3,3.0
J. McAtee,1,1,0,3,3.0
J. Hauge,1,1,0,3,3.0
J. Greaves,1,1,0,3,3.0
J. Grealish,1,1,0,3,3.0
Lázaro,1,1,0,3,3.0
Luís Maximiano,1,1,0,3,3.0
Luka Modrić,1,1,0,3,3.0
Luis Milla,1,1,0,3,3.0
Lucas Moura,1,1,0,3,3.0
Loren Morón,1,1,0,3,3.0
J. Lotomba,1,1,0,3,3.0
J. Locadia,1,1,0,3,3.0
J. Laursen,1,1,0,3,3.0
J. Laporte,1,1,0,3,3.0
J. Krasso,1,1,0,3,3.0
J. Kiwior,1,1,0,3,3.0
J. Kimmich,1,1,0,3,3.0
J. Enciso,1,1,0,3,3.0
J. Ekkelenkamp,1,1,0,3,3.0
J. Ekhator,1,1,0,3,3.0
J. Eggestein,1,1,0,3,3.0
J. Draxler,1,1,0,3,3.0
J. Diehl,1,1,0,3,3.0
J. Denayer,1,1,0,3,3.0
M. Bakker,1,1,0,3,3.0
M. Badelj,1,1,0,3,3.0
M. Autret,1,1,0,3,3.0
M. Andersen,1,1,0,3,3.0
M. Albrighton,1,1,0,3,3.0
M. Acuña,1,1,0,3,3.0
J. Joronen,1,1,0,3,3.0
J. Iličić,1,1,0,3,3.0
J. Idzes,1,1,0,3,3.0
J. Brekalo,1,1,0,3,3.0
J. Branthwaite,1,1,0,3,3.0
M. Brozović,1,1,0,3,3.0
M. Broschinski,1,1,0,3,3.0
M. Bourabia,1,1,0,3,3.0
M. Biereth,1,1,0,3,3.0
M. Bero,1,1,0,3,3.0
M. Berisha,1,1,0,3,3.0
M. Bauer,1,1,0,3,3.0
M. Batshuayi,1,1,0,3,3.0
M. Barreto,1,1,0,3,3.0
M. Bamba,1,1,0,3,3.0
J. Giraudon,1,1,0,3,3.0
J. Giménez,1,1,0,3,3.0
J. Gastien,1,1,0,3,3.0
J. Foyth,1,1,0,3,3.0
M. Diakhaby,1,1,0,3,3.0
M. De Sciglio,1,1,0,3,3.0
M. Darmian,1,1,0,3,3.0
M. Coulibaly,1,1,0,3,3.0
M. Cissé,1,1,0,3,3.0
M. Cho,1,1,0,3,3.0
M. Cham,1,1,0,3,3.0
J. Bogle,1,1,0,3,3.0
J. Asoro,1,1,0,3,3.0
J. Antiste,1,1,0,3,3.0
J. Anthony,1,1,0,3,3.0
J. Cuadrado,1,1,0,3,3.0
J. Corona,1,1,0,3,3.0
J. Cork,1,1,0,3,3.0
J. Clauss,1,1,0,3,3.0
J. Bynoe-Gittens,1,1,0,3,3.0
Iñaki Williams,1,1,0,3,3.0
Iván Sánchez,1,1,0,3,3.0
Ivan Rakitić,1,1,0,3,3.0
Ismaily,1,1,0,3,3.0
Ismaila Ciss,1,1,0,3,3.0
Iker Muñoz,1,1,0,3,3.0
Iker Muniain,1,1,0,3,3.0
Iker Bravo,1,1,0,3,3.0
Ibañez,1,1,0,3,3.0
M. Finkgräfe,1,1,0,3,3.0
M. Fares,1,1,0,3,3.0
M. Faraoni,1,1,0,3,3.0
M. Elyounoussi,1,1,0,3,3.0
M. Elia,1,1,0,3,3.0
M. Eggestein,1,1,0,3,3.0
M. Doherty,1,1,0,3,3.0
I. Ugbo,1,1,0,3,3.0
I. Sulemana,1,1,0,3,3.0
I. Success,1,1,0,3,3.0
I. Sissoko,1,1,0,3,3.0
I. Sané,1,1,0,3,3.0
I. Perišić,1,1,0,3,3.0
I. Nestorovski,1,1,0,3,3.0
I. Ndiaye,1,1,0,3,3.0
M. Honsak,1,1,0,3,3.0
M. Hongla,1,1,0,3,3.0
M. Gusto,1,1,0,3,3.0
M. Geschwill,1,1,0,3,3.0
M. Gabbia,1,1,0,3,3.0
M. Friedl,1,1,0,3,3.0
M. Frendrup,1,1,0,3,3.0
J.  McGinn,1,1,0,3,3.0
I. Maatsen,1,1,0,3,3.0
I. Kebbal,1,1,0,3,3.0
I. Gueye,1,1,0,3,3.0
I. Cissoko,1,1,0,3,3.0
I. Bennacer,1,1,0,3,3.0
I. Belfodil,1,1,0,3,3.0
I. Balliu,1,1,0,3,3.0
M. Kruse,1,1,0,3,3.0
M. Koné,1,1,0,3,3.0
M. Kilman,1,1,0,3,3.0
M. Kerkez,1,1,0,3,3.0
M. Kempf,1,1,0,3,3.0
M. Keane,1,1,0,3,3.0
M. Kamiński,1,1,0,3,3.0
M. Jørgensen,1,1,0,3,3.0
I. Wadji,1,1,0,3,3.0
H. Ziyech,1,1,0,3,3.0
H. Wolf,1,1,0,3,3.0
H. Traoré,1,1,0,3,3.0
H. Ojediran,1,1,0,3,3.0
M. Niakhate,1,1,0,3,3.0
M. Nade,1,1,0,3,3.0
M. Mudryk,1,1,0,3,3.0
M. Meïté,1,1,0,3,3.0
M. McKenzie,1,1,0,3,3.0
M. Maolida,1,1,0,3,3.0
M. Malsa,1,1,0,3,3.0
M. Locatelli,1,1,0,3,3.0
M. Leitsch,1,1,0,3,3.0
M. Lambourde,1,1,0,3,3.0
I. Monterisi,1,1,0,3,3.0
I. Mbaye,1,1,0,3,3.0
H. Maguire,1,1,0,3,3.0
H. Guirassy,1,1,0,3,3.0
H. Ekitiké,1,1,0,3,3.0
H. Diarra,1,1,0,3,3.0
H. Boudaoui,1,1,0,3,3.0
H. Aouar,1,1,0,3,3.0
M. Rasmussen,1,1,0,3,3.0
M. Pieringer,1,1,0,3,3.0
M. Philipp,1,1,0,3,3.0
M. Pellegrino,1,1,0,3,3.0
M. Olivera,1,1,0,3,3.0
Hugo Álvarez,1,1,0,3,3.0
Hugo Guillamón,1,1,0,3,3.0
Hugo Bueno,1,1,0,3,3.0
Hernani,1,1,0,3,3.0
H. Šabanović,1,1,0,3,3.0
G. Mancini,1,1,0,3,3.0
G. Magnani,1,1,0,3,3.0
M. Thiaw,1,1,0,3,3.0
M. Tavernier,1,1,0,3,3.0
M. Saračević,1,1,0,3,3.0
M. Sanson,1,1,0,3,3.0
M. Ritchie,1,1,0,3,3.0
Gonzalo Verdú,1,1,0,3,3.0
Gonzalo Escalante,1,1,0,3,3.0
Germán Pezzella,1,1,0,3,3.0
Gabriel Magalhães,1,1,0,3,3.0
Gabriel Jesus                                  1,1,1,0,3,3.0
Gabriel Jesus,1,1,0,3,3.0
G. Zappa,1,1,0,3,3.0
H. Mendes,1,1,0,3,3.0
H. Meister,1,1,0,3,3.0
M. van de Ven,1,1,0,3,3.0
M. de Ligt,1,1,0,3,3.0
M. Wolf,1,1,0,3,3.0
M. Wittek,1,1,0,3,3.0
M. Vydra,1,1,0,3,3.0
M. Viña,1,1,0,3,3.0
M. Valjent,1,1,0,3,3.0
M. Uzuni,1,1,0,3,3.0
M. Uth,1,1,0,3,3.0
M. Ugarte,1,1,0,3,3.0
M. Udol,1,1,0,3,3.0
M. Trauco,1,1,0,3,3.0
G. Scalvini,1,1,0,3,3.0
G. Rodríguez,1,1,0,3,3.0
G. Pereiro,1,1,0,3,3.0
G. Orban,1,1,0,3,3.0
G. Lloris,1,1,0,3,3.0
G. Leoni,1,1,0,3,3.0
G. Kyriakopoulos,1,1,0,3,3.0
G. Kyei,1,1,0,3,3.0
G. Konan,1,1,0,3,3.0
G. Holtmann,1,1,0,3,3.0
G. Hein,1,1,0,3,3.0
G. Hanley,1,1,0,3,3.0
G. Gudmundsson,1,1,0,3,3.0
Marcos Alonso,1,1,0,3,3.0
Marc Roca,1,1,0,3,3.0
Marc Guiu,1,1,0,3,3.0
Marc Cucurella,1,1,0,3,3.0
Manu Sánchez,1,1,0,3,3.0
Manu Fuster,1,1,0,3,3.0
Mahmoud Dahoud,1,1,0,3,3.0
G. Castro,1,1,0,3,3.0
G. Carrillo,1,1,0,3,3.0
G. Bello,1,1,0,3,3.0
Fábio Vieira,1,1,0,3,3.0
Matija Nastasić,1,1,0,3,3.0
Mathias Pereira Lage,1,1,0,3,3.0
Mathias Lage,1,1,0,3,3.0
Matheus Nunes,1,1,0,3,3.0
Matheus Henrique,1,1,0,3,3.0
Matheus França,1,1,0,3,3.0
Mateus Fernandes,1,1,0,3,3.0
Mata,1,1,0,3,3.0
Mason Greenwood,1,1,0,3,3.0
Marko Milovanović,1,1,0,3,3.0
Mario Gila,1,1,0,3,3.0
Marcos Antônio,1,1,0,3,3.0
Fidel,1,1,0,3,3.0
Fernando Calero,1,1,0,3,3.0
Fer Niño,1,1,0,3,3.0
Felipe,1,1,0,3,3.0
Montoro,1,1,0,3,3.0
Monchu,1,1,0,3,3.0
Miguel de la Fuente,1,1,0,3,3.0
Miguel Rodríguez,1,1,0,3,3.0
Miguel Gutiérrez,1,1,0,3,3.0
Mexer,1,1,0,3,3.0
G. Earthy,1,1,0,3,3.0
G. Di Lorenzo,1,1,0,3,3.0
G. Defrel,1,1,0,3,3.0
G. Charpentier,1,1,0,3,3.0
G. Charbonnier,1,1,0,3,3.0
G. Castrovilli,1,1,0,3,3.0
F. Lemaréchal,1,1,0,3,3.0
F. Klos,1,1,0,3,3.0
N. Dovedan,1,1,0,3,3.0
N. Domínguez,1,1,0,3,3.0
N. Collins,1,1,0,3,3.0
N. Cambiaghi,1,1,0,3,3.0
N. Bentaleb,1,1,0,3,3.0
N. Barella,1,1,0,3,3.0
N. Aguerd,1,1,0,3,3.0
F. Tsadjout,1,1,0,3,3.0
F. Tomori,1,1,0,3,3.0
F. Santander,1,1,0,3,3.0
F. Russo,1,1,0,3,3.0
F. Passlack,1,1,0,3,3.0
F. Parisi,1,1,0,3,3.0
Fran García,1,1,0,3,3.0
F. Coquelin,1,1,0,3,3.0
F. Chaïbi,1,1,0,3,3.0
F. Ceccherini,1,1,0,3,3.0
N. Mbemba,1,1,0,3,3.0
N. Mazraoui,1,1,0,3,3.0
N. Madueke,1,1,0,3,3.0
N. Keïta,1,1,0,3,3.0
N. Gudelj,1,1,0,3,3.0
N. Fagioli,1,1,0,3,3.0
F. Onyeka,1,1,0,3,3.0
F. Ogier,1,1,0,3,3.0
F. Niederlechner,1,1,0,3,3.0
F. Neuhaus,1,1,0,3,3.0
F. Mendy,1,1,0,3,3.0
F. Melegoni,1,1,0,3,3.0
F. Maouassa,1,1,0,3,3.0
N. Schlotterbeck,1,1,0,3,3.0
N. Sarenren Bazee,1,1,0,3,3.0
N. Radonjić,1,1,0,3,3.0
N. Pérez,1,1,0,3,3.0
N. Pisilli,1,1,0,3,3.0
N. Petersen,1,1,0,3,3.0
N. Pallois,1,1,0,3,3.0
N. Nández,1,1,0,3,3.0
N. Nkounkou,1,1,0,3,3.0
N. Ngoumou,1,1,0,3,3.0
N. Murru,1,1,0,3,3.0
F. Jensen,1,1,0,3,3.0
F. Hanin,1,1,0,3,3.0
F. Guilbert,1,1,0,3,3.0
F. Di Francesco,1,1,0,3,3.0
F. Dahmen,1,1,0,3,3.0
F. Buonanotte,1,1,0,3,3.0
F. Boulaya,1,1,0,3,3.0
F. Bianchi,1,1,0,3,3.0
F. Bernardeschi,1,1,0,3,3.0
F. Baschirotto,1,1,0,3,3.0
F. Bandinelli,1,1,0,3,3.0
F. Ballo,1,1,0,3,3.0
F. Arp,1,1,0,3,3.0
F. Agu,1,1,0,3,3.0
Nacho Ferri,1,1,0,3,3.0
Nacho,1,1,0,3,3.0
Nabil Fekir,1,1,0,3,3.0
N. Williams,1,1,0,3,3.0
N. Tella,1,1,0,3,3.0
N. Süle,1,1,0,3,3.0
N. Stark,1,1,0,3,3.0
E. Valeri,1,1,0,3,3.0
E. Tchato,1,1,0,3,3.0
E. Tapsoba,1,1,0,3,3.0
E. Smith,1,1,0,3,3.0
O. Deman,1,1,0,3,3.0
O. Colley,1,1,0,3,3.0
O. Bukari,1,1,0,3,3.0
O. Bobb,1,1,0,3,3.0
O. Aina,1,1,0,3,3.0
O. Afolayan,1,1,0,3,3.0
Nuno da Costa,1,1,0,3,3.0
Nuno Mendes,1,1,0,3,3.0
Nico Williams,1,1,0,3,3.0
Nemanja Maksimović,1,1,0,3,3.0
Nacho Vidal,1,1,0,3,3.0
F. Caicedo,1,1,0,3,3.0
E. Rexhbeçaj,1,1,0,3,3.0
E. Nuamah,1,1,0,3,3.0
E. Ndicka,1,1,0,3,3.0
E. Millot,1,1,0,3,3.0
E. Mašović,1,1,0,3,3.0
O. Sahraoui,1,1,0,3,3.0
O. Norwood,1,1,0,3,3.0
O. N'Dicka,1,1,0,3,3.0
O. Maamma,1,1,0,3,3.0
O. Højlund,1,1,0,3,3.0
O. Duda,1,1,0,3,3.0
Eric García,1,1,0,3,3.0
Enric Franquesa,1,1,0,3,3.0
Endrick,1,1,0,3,3.0
E. Álvarez,1,1,0,3,3.0
E. Vignato,1,1,0,3,3.0
E. Le Fée,1,1,0,3,3.0
E. Kroupi,1,1,0,3,3.0
E. Konsa,1,1,0,3,3.0
E. Holm,1,1,0,3,3.0
E. Goldaniga,1,1,0,3,3.0
E. Forsberg,1,1,0,3,3.0
E. Fernández,1,1,0,3,3.0
E. Eyong,1,1,0,3,3.0
P. Förster,1,1,0,3,3.0
P. Estupiñán,1,1,0,3,3.0
P. Dorgu,1,1,0,3,3.0
P. Diong,1,1,0,3,3.0
P. Diallo,1,1,0,3,3.0
P. Dawidowicz,1,1,0,3,3.0
E. Simms,1,1,0,3,3.0
E. Sabbi,1,1,0,3,3.0
Diego García,1,1,0,3,3.0
Deulofeu,1,1,0,3,3.0
De Marcos,1,1,0,3,3.0
P. Mainka,1,1,0,3,3.0
P. Jaeckel,1,1,0,3,3.0
P. Hofmann,1,1,0,3,3.0
P. Hincapié,1,1,0,3,3.0
P. Herrmann,1,1,0,3,3.0
P. Gómez,1,1,0,3,3.0
E. Ebimbe,1,1,0,3,3.0
E. Cömert,1,1,0,3,3.0
E. Capoue,1,1,0,3,3.0
E. Boyomo,1,1,0,3,3.0
E. Bove,1,1,0,3,3.0
E. Botheim,1,1,0,3,3.0
E. Lepaul,1,1,0,3,3.0
Pau Cabanes,1,1,0,3,3.0
Patric,1,1,0,3,3.0
Pablo Marí,1,1,0,3,3.0
Pablo Ibáñez,1,1,0,3,3.0
Pablo Barrios,1,1,0,3,3.0
P. Zieliński,1,1,0,3,3.0
P. Treu,1,1,0,3,3.0
P. Tietz,1,1,0,3,3.0
P. Struijk,1,1,0,3,3.0
P. Sarr,1,1,0,3,3.0
P. Rosario,1,1,0,3,3.0
E. Biumla,1,1,0,3,3.0
Dário Essugo,1,1,0,3,3.0
Douglas Augusto,1,1,0,3,3.0
Domingos Duarte,1,1,0,3,3.0
Diego Llorente,1,1,0,3,3.0
David Pereira da Costa,1,1,0,3,3.0
David Neres,1,1,0,3,3.0
David García,1,1,0,3,3.0
David Costa,1,1,0,3,3.0
Darío Poveda,1,1,0,3,3.0
Darwin Machís,1,1,0,3,3.0
Danilo Pereira,1,1,0,3,3.0
Daniel Podence,1,1,0,3,3.0
Dani Raba,1,1,0,3,3.0
Dani Parejo                                  0,1,1,0,3,3.0
Portillo,1,1,0,3,3.0
Pepelu,1,1,0,3,3.0
Pedro Pereira,1,1,0,3,3.0
Pedri,1,1,0,3,3.0
Pedraza,1,1,0,3,3.0
Pau Víctor,1,1,0,3,3.0
D. Selke,1,1,0,3,3.0
D. Scherhant,1,1,0,3,3.0
D. Rugani,1,1,0,3,3.0
D. Raum,1,1,0,3,3.0
D. Praet,1,1,0,3,3.0
R. Dugimont,1,1,0,3,3.0
R. Czichos,1,1,0,3,3.0
R. Aït Nouri,1,1,0,3,3.0
R. Araújo,1,1,0,3,3.0
Q. Merlin,1,1,0,3,3.0
Dango Ouattara,1,1,0,3,3.0
D. Črnigoj,1,1,0,3,3.0
D. Čolina,1,1,0,3,3.0
D. Ćaleta-Car,1,1,0,3,3.0
D. Yongwa,1,1,0,3,3.0
D. Vavro,1,1,0,3,3.0
D. Muñoz,1,1,0,3,3.0
D. Mertens,1,1,0,3,3.0
D. Machís,1,1,0,3,3.0
D. Machado,1,1,0,3,3.0
D. Kulusevski                                  0,1,1,0,3,3.0
D. Kohr,1,1,0,3,3.0
R. Koch,1,1,0,3,3.0
R. Khedira,1,1,0,3,3.0
R. Jiménez,1,1,0,3,3.0
R. Holding,1,1,0,3,3.0
R. Gagliardini,1,1,0,3,3.0
R. Esse,1,1,0,3,3.0
D. Sánchez,1,1,0,3,3.0
D. Spence,1,1,0,3,3.0
D. Sow,1,1,0,3,3.0
D. Sinani,1,1,0,3,3.0
D. Blum,1,1,0,3,3.0
R. Nicolaisen,1,1,0,3,3.0
R. Massimo,1,1,0,3,3.0
R. Manaj,1,1,0,3,3.0
R. Loftus-Cheek,1,1,0,3,3.0
R. Le Normand,1,1,0,3,3.0
R. Labeau Lascary,1,1,0,3,3.0
D. Johnsen,1,1,0,3,3.0
D. Jebbison,1,1,0,3,3.0
D. James,1,1,0,3,3.0
D. Huijsen,1,1,0,3,3.0
D. Henderson,1,1,0,3,3.0
D. Gómez,1,1,0,3,3.0
D. Gosling,1,1,0,3,3.0
D. Faraoni,1,1,0,3,3.0
D. Ndoye,1,1,0,3,3.0
Chimy Ávila,1,1,0,3,3.0
Catena,1,1,0,3,3.0
Carlos Vicente,1,1,0,3,3.0
Radamel Falcao,1,1,0,3,3.0
R. Yates,1,1,0,3,3.0
R. Varane,1,1,0,3,3.0
R. Sottil,1,1,0,3,3.0
R. Saïss,1,1,0,3,3.0
R. Saponara,1,1,0,3,3.0
R. Reitz,1,1,0,3,3.0
D. Coppola,1,1,0,3,3.0
D. Cataldi,1,1,0,3,3.0
D. Calabria,1,1,0,3,3.0
D. Burn,1,1,0,3,3.0
D. Burgzorg,1,1,0,3,3.0
D. Bouanga,1,1,0,3,3.0
C. Volpato,1,1,0,3,3.0
C. Vidal,1,1,0,3,3.0
C. Uzun,1,1,0,3,3.0
Roberto Torres,1,1,0,3,3.0
Rober,1,1,0,3,3.0
Reinildo Mandava,1,1,0,3,3.0
Raúl Moro,1,1,0,3,3.0
Raphaël Guerreiro,1,1,0,3,3.0
Ramón Martínez,1,1,0,3,3.0
D. Benedetto,1,1,0,3,3.0
D. Beljo,1,1,0,3,3.0
D. Appiah,1,1,0,3,3.0
César Tárrega,1,1,0,3,3.0
Cristian Herrera,1,1,0,3,3.0
Coke,1,1,0,3,3.0
Chris Ramos,1,1,0,3,3.0
S. Amallah,1,1,0,3,3.0
S. Agüero,1,1,0,3,3.0
Rubén Duarte,1,1,0,3,3.0
Rubén Alcaraz,1,1,0,3,3.0
Ronald Araújo,1,1,0,3,3.0
Rodrigo de Paul,1,1,0,3,3.0
Rodrigo Riquelme,1,1,0,3,3.0
Rodrigo Gomes,1,1,0,3,3.0
Rodrigo Becão,1,1,0,3,3.0
Robin Le Normand,1,1,0,3,3.0
Carlos Romero,1,1,0,3,3.0
Carlos Fernández,1,1,0,3,3.0
Carlos Domínguez,1,1,0,3,3.0
Carles Aleñá,1,1,0,3,3.0
C. Wooh,1,1,0,3,3.0
C. Woodrow,1,1,0,3,3.0
C. Smalling,1,1,0,3,3.0
C. Romero,1,1,0,3,3.0
C. Richards,1,1,0,3,3.0
C. Pulisic,1,1,0,3,3.0
C. Piccini,1,1,0,3,3.0
C. Palmer                                  1,1,1,0,3,3.0
C. Ogbene,1,1,0,3,3.0
S. Bell,1,1,0,3,3.0
S. Bastoni,1,1,0,3,3.0
S. Baptiste,1,1,0,3,3.0
S. Banza,1,1,0,3,3.0
S. Babicka,1,1,0,3,3.0
S. Arias,1,1,0,3,3.0
S. Andersson,1,1,0,3,3.0
S. Amrabat,1,1,0,3,3.0
S. Amo-Ameyaw,1,1,0,3,3.0
C. Jean,1,1,0,3,3.0
C. Hountondji,1,1,0,3,3.0
C. Hernández,1,1,0,3,3.0
S. Doucouré,1,1,0,3,3.0
S. Diarra,1,1,0,3,3.0
S. Delaye,1,1,0,3,3.0
S. Dallas,1,1,0,3,3.0
S. Conteh,1,1,0,3,3.0
S. Coleman,1,1,0,3,3.0
S. Boufal,1,1,0,3,3.0
S. Botman,1,1,0,3,3.0
S. Bornauw,1,1,0,3,3.0
C. Tzolis,1,1,0,3,3.0
C. Traorè,1,1,0,3,3.0
C. Tolisso,1,1,0,3,3.0
C. Starfelt,1,1,0,3,3.0
C. Ejuke,1,1,0,3,3.0
C. Dawson,1,1,0,3,3.0
C. Boukhalfa,1,1,0,3,3.0
S. Kolašinac,1,1,0,3,3.0
S. Kalu,1,1,0,3,3.0
S. Iling-Junior,1,1,0,3,3.0
S. Idumbo,1,1,0,3,3.0
S. Haller,1,1,0,3,3.0
S. Grandsir,1,1,0,3,3.0
S. Fukuda,1,1,0,3,3.0
C. Ngonge,1,1,0,3,3.0
C. Matsima,1,1,0,3,3.0
C. Lykogiannis,1,1,0,3,3.0
C. Lenglet,1,1,0,3,3.0
C. Klarer,1,1,0,3,3.0
C. Jullien,1,1,0,3,3.0
C. Archer,1,1,0,3,3.0
C. Alcaraz,1,1,0,3,3.0
Bryan Zaragoza,1,1,0,3,3.0
Bruno Méndez,1,1,0,3,3.0
Brian Oliván,1,1,0,3,3.0
S. McKenna,1,1,0,3,3.0
S. Mbangula,1,1,0,3,3.0
S. Mara,1,1,0,3,3.0
S. Mandanda,1,1,0,3,3.0
S. Lovrić,1,1,0,3,3.0
S. Long,1,1,0,3,3.0
S. Lobotka,1,1,0,3,3.0
S. Lammers,1,1,0,3,3.0
C. Grenier,1,1,0,3,3.0
C. Gamboa,1,1,0,3,3.0
C. Eriksen,1,1,0,3,3.0
S. Weissman,1,1,0,3,3.0
S. Thioub,1,1,0,3,3.0
S. Surridge,1,1,0,3,3.0
S. Serdar,1,1,0,3,3.0
S. Nwankwo,1,1,0,3,3.0
S. Nsoki,1,1,0,3,3.0
Beraldo,1,1,0,3,3.0
Bellerín,1,1,0,3,3.0
B. Yılmaz,1,1,0,3,3.0
B. White,1,1,0,3,3.0
B. Traoré,1,1,0,3,3.0
B. Touré,1,1,0,3,3.0
B. Schmitz,1,1,0,3,3.0
C. Benavídez,1,1,0,3,3.0
C. Bayala,1,1,0,3,3.0
C. Baleba,1,1,0,3,3.0
B. Henrichs,1,1,0,3,3.0
B. Guirassy,1,1,0,3,3.0
B. Gruda,1,1,0,3,3.0
B. Davies,1,1,0,3,3.0
Santi Comesaña,1,1,0,3,3.0
Sandro Ramírez,1,1,0,3,3.0
Samuel Sáiz,1,1,0,3,3.0
Samuel Omorodion,1,1,0,3,3.0
Samuel Costa,1,1,0,3,3.0
Sam Morsy,1,1,0,3,3.0
Salva Sevilla,1,1,0,3,3.0
S. Żurkowski,1,1,0,3,3.0
S. van den Berg,1,1,0,3,3.0
S. de Vrij,1,1,0,3,3.0
S. Zoller,1,1,0,3,3.0
S. Widmer,1,1,0,3,3.0
Antonio Sivera,1,1,0,3,3.0
Antonio Rüdiger,1,1,0,3,3.0
Antonio Raíllo,1,1,0,3,3.0
André Silva,1,1,0,3,3.0
Sergio González,1,1,0,3,3.0
Sergi Darder,1,1,0,3,3.0
Sergi Canós,1,1,0,3,3.0
Saúl Ñíguez,1,1,0,3,3.0
B. Badiashile,1,1,0,3,3.0
B. André,1,1,0,3,3.0
B. Aaronson,1,1,0,3,3.0
Aurélien Tchouaméni,1,1,0,3,3.0
Arthur,1,1,0,3,3.0
B. Omeragić,1,1,0,3,3.0
B. Nuytinck,1,1,0,3,3.0
B. Lasme,1,1,0,3,3.0
Alex Suárez,1,1,0,3,3.0
Aleksandar Sedlar,1,1,0,3,3.0
Alejo,1,1,0,3,3.0
Alejandro Catena,1,1,0,3,3.0
Aleix García,1,1,0,3,3.0
Alberto Moreno,1,1,0,3,3.0
Alberto Marí,1,1,0,3,3.0
Aimar Oroz,1,1,0,3,3.0
T. Cairney,1,1,0,3,3.0
T. Bongonda,1,1,0,3,3.0
T. Bašić,1,1,0,3,3.0
T. Asano,1,1,0,3,3.0
T. Almada,1,1,0,3,3.0
Stefan Bajčetić,1,1,0,3,3.0
Sory Kaba,1,1,0,3,3.0
Artem Dovbyk,1,1,0,3,3.0
Aarón Martín,1,1,0,3,3.0
A. Álvarez,1,1,0,3,3.0
A. Young,1,1,0,3,3.0
A. Witsel,1,1,0,3,3.0
A. Webster,1,1,0,3,3.0
T. Le Bris,1,1,0,3,3.0
T. Lamptey,1,1,0,3,3.0
T. Kroos,1,1,0,3,3.0
T. Krauß,1,1,0,3,3.0
T. Kolodziejczak,1,1,0,3,3.0
T. Kehrer,1,1,0,3,3.0
T. George,1,1,0,3,3.0
T. Chong,1,1,0,3,3.0
Ander Guevara,1,1,0,3,3.0
Amir Rrahmani,1,1,0,3,3.0
Alfon González,1,1,0,3,3.0
A. Terzić,1,1,0,3,3.0
A. Sylla,1,1,0,3,3.0
T. Pembélé,1,1,0,3,3.0
T. Partey,1,1,0,3,3.0
T. Oberdorf,1,1,0,3,3.0
T. Noslin,1,1,0,3,3.0
T. Mitchell,1,1,0,3,3.0
T. Mangani,1,1,0,3,3.0
T. Livramento,1,1,0,3,3.0
Adrián Embarba,1,1,0,3,3.0
Adrià Pedrosa,1,1,0,3,3.0
Adria Miquel Bosch Sanchis,1,1,0,3,3.0
Adri Embarba,1,1,0,3,3.0
Abel Bretones,1,1,0,3,3.0
Abdu Conté,1,1,0,3,3.0
Abdessamad Ezzalzouli,1,1,0,3,3.0
A. Schiavone,1,1,0,3,3.0
A. Sarr,1,1,0,3,3.0
A. Sangante,1,1,0,3,3.0
A. Sanabria,1,1,0,3,3.0
Tello,1,1,0,3,3.0
Tadeo Allende,1,1,0,3,3.0
T. Tomiyasu,1,1,0,3,3.0
T. Teuma,1,1,0,3,3.0
T. Tessmann,1,1,0,3,3.0
T. Skarke,1,1,0,3,3.0
T. Sainte-Luce,1,1,0,3,3.0
T. Rothe,1,1,0,3,3.0
A. Voglsammer,1,1,0,3,3.0
A. Vogliacco,1,1,0,3,3.0
A. Tosin,1,1,0,3,3.0
A. Theate,1,1,0,3,3.0
A. Pieper,1,1,0,3,3.0
A. Palaversa,1,1,0,3,3.0
A. Ounas,1,1,0,3,3.0
A. Oukidja,1,1,0,3,3.0
A. Ouattara,1,1,0,3,3.0
V. Carboni,1,1,0,3,3.0
Unai Núñez,1,1,0,3,3.0
U. Garcia,1,1,0,3,3.0
Trincão,1,1,0,3,3.0
Thiago Silva,1,1,0,3,3.0
Theo Corbeanu,1,1,0,3,3.0
A. Stach,1,1,0,3,3.0
A. Souquet,1,1,0,3,3.0
A. Seydel,1,1,0,3,3.0
A. Scott,1,1,0,3,3.0
A. Schäfer,1,1,0,3,3.0
A. Obert,1,1,0,3,3.0
A. Nagida,1,1,0,3,3.0
A. Murić,1,1,0,3,3.0
A. Murillo,1,1,0,3,3.0
A. Matusiwa,1,1,0,3,3.0
A. Matturro,1,1,0,3,3.0
A. Masuaku,1,1,0,3,3.0
A. Mandi,1,1,0,3,3.0
Viktor Tsygankov,1,1,0,3,3.0
Vicente Guaita,1,1,0,3,3.0
Vanderson,1,1,0,3,3.0
Valery Fernández,1,1,0,3,3.0
V. Černý,1,1,0,3,3.0
V. Rongier,1,1,0,3,3.0
A. Ramsey,1,1,0,3,3.0
A. Rami,1,1,0,3,3.0
A. Makoumbou,1,1,0,3,3.0
A. Maitland-Niles,1,1,0,3,3.0
A. Losilla,1,1,0,3,3.0
A. La Mantia,1,1,0,3,3.0
A. Kelati,1,1,0,3,3.0
A. Kalimuendo-Muinga,1,1,0,3,3.0
A. Jung,1,1,0,3,3.0
W. Kanga,1,1,0,3,3.0
W. Foderingham,1,1,0,3,3.0
W. Faghir,1,1,0,3,3.0
W. Cheddira,1,1,0,3,3.0
W. Bondo,1,1,0,3,3.0
Vítinha,1,1,0,3,3.0
Víctor Díaz,1,1,0,3,3.0
Vitor Roque,1,1,0,3,3.0
Vinicius Souza,1,1,0,3,3.0
A. Espino,1,1,0,3,3.0
A. Elis,1,1,0,3,3.0
William Carvalho,1,1,0,3,3.0
Walace,1,1,0,3,3.0
W. Zaïre-Emery,1,1,0,3,3.0
W. Weghorst,1,1,0,3,3.0
W. Troost-Ekong,1,1,0,3,3.0
W. Singo,1,1,0,3,3.0
W. Osula,1,1,0,3,3.0
W. Ndidi,1,1,0,3,3.0
A. Ilić,1,1,0,3,3.0
A. Hrustić,1,1,0,3,3.0
A. Hickey,1,1,0,3,3.0
A. Hainaut,1,1,0,3,3.0
A. Haidara,1,1,0,3,3.0
A. Gómez,1,1,0,3,3.0
Y. Gerhardt,1,1,0,3,3.0
Y. Fofana,1,1,0,3,3.0
Y. Engelhardt,1,1,0,3,3.0
Y. Bissouma,1,1,0,3,3.0
Y. Atal,1,1,0,3,3.0
Xeka,1,1,0,3,3.0
X. Simons,1,1,0,3,3.0
X. Shaqiri,1,1,0,3,3.0
Wu Lei,1,1,0,3,3.0
A. Golovin,1,1,0,3,3.0
A. Gilchrist,1,1,0,3,3.0
A. Gaich,1,1,0,3,3.0
A. Gabrielloni,1,1,0,3,3.0
A. Fulgini,1,1,0,3,3.0
A. Florenzi,1,1,0,3,3.0
A. Flips,1,1,0,3,3.0
A. Disasi,1,1,0,3,3.0
A. Dioussé,1,1,0,3,3.0
A. Dembélé,1,1,0,3,3.0
A. Deiola,1,1,0,3,3.0
A. Davies,1,1,0,3,3.0
A. Colpani,1,1,0,3,3.0
A. Claude-Maurice,1,1,0,3,3.0
Y. Sugawara,1,1,0,3,3.0
Y. Salmier,1,1,0,3,3.0
Y. Ramadani,1,1,0,3,3.0
Y. Ndayishimiye,1,1,0,3,3.0
Y. Minteh,1,1,0,3,3.0
Y. Mina,1,1,0,3,3.0
Y. Maleh,1,1,0,3,3.0
Y. Keitel,1,1,0,3,3.0
Y. Kabadayı,1,1,0,3,3.0
A. Al Dakhil,1,1,0,3,3.0
Álvaro Djaló,1,1,0,3,3.0
Álex Muñoz,1,1,0,3,3.0
Álex Collado,1,1,0,3,3.0
Álex Centelles,1,1,0,3,3.0
Á. Rodríguez,1,1,0,3,3.0
Á. Padilla,1,1,0,3,3.0
Z. Savva,1,1,0,3,3.0
A. Carboni,1,1,0,3,3.0
A. Buongiorno,1,1,0,3,3.0
A. Broja,1,1,0,3,3.0
A. Bonny,1,1,0,3,3.0
A. Boakye,1,1,0,3,3.0
A. Bianco,1,1,0,3,3.0
A. Bernede,1,1,0,3,3.0
A. Ben Slimane,1,1,0,3,3.0
K. Doumbia,1,1,0,3,3.0
0                         D. Malen,1,1,0,3,3.0
Óscar Rodríguez,1,1,0,3,3.0
Óscar Mingueza,1,1,0,3,3.0
Ó. Duarte,1,1,0,3,3.0
Íñigo Eguaras,1,1,0,3,3.0
Í. Bergmann Jóhannesson,1,1,0,3,3.0
Éder Militão,1,1,0,3,3.0
É. Capoue,1,1,0,3,3.0
Ç. Söyüncü,1,1,0,3,3.0
Ángel Correa,1,1,0,3,3.0
Ángel,1,1,0,3,3.0
Álvaro Tejero,1,1,0,3,3.0
Álvaro García,1,1,0,3,3.0
A. Armstrong,1,1,0,3,3.0
A. Albers,1,1,0,3,3.0
